,6000,6037,6059,6073,6999,8000,8001,8005,8031,8041,8059,8999,12000,12095,12999,13000,13067,13089,13121,13135,13999,17000,17031,17043,17999,26000,26125,26163,26999,34000,34003,34017,34023,34999,36000,36047,36061,36081,36999,37000,37119,37183,37999,39000,39035,39049,39999,42000,42003,42101,42999,48000,48113,48201,48453,48999,53000,53033,53053,53061,53999,98000,199000,199909,199923,199925,199933,199944,199950,299000,299918,299919,299920,299927,299929,299931,299938,299946,299955,399000,399901,399905,399910,399911,399921,399922,399924,399928,399940,399945,399947,399951,399954,499000,499904,499915,499916,499930,499932,499935,499941,499949,499956
6000,0,58557,38000,25360,337503,8748,459,1079,1936,1897,768,2609,7571,889,6682,3849,537,646,1141,564,961,5321,3973,406,942,1932,648,497,787,2092,341,464,279,1008,10691,2768,4897,1058,1968,3947,857,875,2215,1742,452,646,644,2050,568,796,686,22977,2848,3881,4018,12230,18185,8911,2278,1716,5280,12929,5634,1050,176,3877,159,312,60,6178,862,274,700,1722,1106,557,96,98,763,12100,323,441,102,1458,353,714,2031,106,1038,897,2064,2573,0,69107,19595,4713,3090,402,20631,1295,14564,4745,72
6037,77924,0,20065,5711,52148,2311,176,339,513,347,205,731,2557,321,2236,1636,222,257,442,237,478,1646,1196,144,306,679,212,162,305,1029,167,215,94,553,4357,1056,1858,457,986,1004,232,209,563,717,147,203,367,762,182,268,312,6618,912,1138,1023,3545,3997,1978,439,373,1207,2428,1889,404,57,1235,72,86,35,2339,407,132,314,529,392,186,50,49,280,4252,157,224,49,393,145,398,628,27,353,322,836,720,0,16696,4475,1007,547,149,6041,478,2760,1219,20
6059,38258,16561,0,3715,17982,994,75,122,174,186,96,341,769,122,647,307,53,37,101,67,49,430,289,52,89,239,82,62,95,204,39,46,38,81,696,138,332,86,140,355,101,79,175,138,38,73,27,161,49,49,63,2355,341,382,322,1310,1700,789,188,190,533,810,412,101,0,290,0,21,0,587,82,28,82,167,119,45,0,0,64,1157,48,58,21,113,53,36,173,0,110,88,217,240,0,6436,2058,438,350,49,1626,128,1145,642,0
6073,25390,5066,3341,0,16983,1458,82,156,272,301,140,507,2209,165,2044,530,83,88,113,95,151,1006,540,93,373,454,121,88,245,476,48,59,59,310,1133,210,325,124,474,1137,111,137,889,405,92,136,177,423,93,100,230,3711,394,535,443,2339,2809,977,292,286,1254,2663,1246,269,77,695,67,138,0,1620,258,94,128,379,309,176,26,49,201,3265,118,99,32,191,84,199,624,79,210,421,440,768,0,9486,3369,1022,443,132,1889,282,1629,690,30
6999,317848,36930,14594,15934,0,3985,126,462,977,1063,327,1030,2036,281,1755,1376,179,264,485,165,283,2239,1948,117,174,560,233,185,142,383,87,144,88,64,4505,1364,2382,391,368,1451,413,450,588,482,175,234,73,704,244,379,81,10293,1201,1826,2230,5036,9679,5167,1359,867,2286,7028,2087,276,42,1657,20,67,25,1632,115,20,176,647,286,150,20,0,218,3426,0,60,0,761,71,81,606,0,365,66,571,845,0,36489,9693,2246,1750,72,11075,407,9030,2194,22
8000,5897,1578,591,1222,2506,0,14207,19693,22217,4885,16408,36123,2330,246,2084,828,102,96,217,101,312,869,715,71,83,291,110,81,100,46,0,21,0,25,589,149,307,24,109,719,152,173,394,366,66,155,145,171,104,67,0,5197,598,901,655,3043,2061,1004,491,192,374,2194,406,32,21,332,0,21,0,2446,96,151,500,458,419,467,26,167,162,2424,113,76,0,159,86,91,198,107,602,150,428,414,0,9466,3930,450,244,283,1301,941,875,802,640
8001,315,98,31,79,107,12801,0,2620,3224,344,3026,3587,102,0,102,20,0,0,0,20,0,41,41,0,0,0,0,0,0,0,0,0,0,0,0,0,0,0,0,0,0,0,0,0,0,0,0,0,0,0,0,379,39,74,42,224,98,49,27,22,0,67,0,0,0,0,0,0,0,180,0,26,31,48,33,22,0,20,0,51,0,0,0,0,0,0,0,0,51,0,0,0,0,709,359,0,22,22,111,59,22,75,39
8005,822,237,102,171,312,19621,2810,0,8223,742,2627,5219,411,43,368,145,37,32,48,28,0,106,106,0,0,50,27,23,0,0,0,0,0,0,41,0,41,0,0,107,43,43,21,49,0,29,20,23,23,0,0,804,115,152,75,462,251,116,37,34,64,226,37,0,0,37,0,0,0,395,21,32,80,75,68,74,0,45,0,184,0,0,0,0,0,0,26,0,62,0,53,43,0,1315,571,53,25,45,239,124,96,112,50
8031,1516,414,154,253,695,25730,4404,9537,0,583,6573,4633,433,60,373,192,36,44,91,21,0,335,280,31,24,158,62,37,59,21,0,21,0,0,301,95,136,24,46,139,48,43,48,139,42,55,42,98,52,46,0,951,175,225,191,360,433,312,50,31,40,233,204,32,21,130,0,21,0,650,42,48,81,147,115,86,0,45,86,582,0,0,0,99,21,39,55,0,110,30,145,83,0,1515,537,92,40,54,199,158,262,98,75
8041,1201,238,77,199,687,4877,293,696,758,0,386,2713,921,75,846,421,29,20,28,32,312,162,83,20,59,62,21,21,20,25,0,0,0,25,83,0,20,0,63,381,38,42,301,135,24,28,83,50,29,21,0,1613,90,162,94,1267,689,110,305,47,227,883,59,0,0,59,0,0,0,718,33,25,196,64,153,135,26,35,51,1332,113,76,0,24,65,52,93,107,289,120,159,234,0,1860,720,229,72,21,243,202,156,165,52
8059,480,131,59,135,155,15684,3670,2450,4954,458,0,4152,243,20,223,0,0,0,0,0,0,82,62,20,0,0,0,0,0,0,0,0,0,0,33,0,33,0,0,22,0,22,0,23,0,23,0,0,0,0,0,462,59,93,65,245,159,79,30,27,23,121,0,0,0,0,0,0,0,224,0,20,57,42,27,53,0,0,25,89,0,0,0,0,0,0,0,0,64,0,25,0,0,1020,439,35,31,69,135,116,95,54,46
8999,1563,460,168,385,550,34851,3030,4390,5058,2758,3796,0,220,48,172,50,0,0,50,0,0,143,143,0,0,21,0,0,21,0,0,0,0,0,131,54,77,0,0,70,23,23,24,20,0,20,0,0,0,0,0,988,120,195,188,485,431,338,42,31,20,664,106,0,0,106,0,0,0,279,0,0,55,82,23,97,0,22,0,186,0,0,0,36,0,0,24,0,26,0,46,54,0,3047,1304,41,54,72,374,282,244,298,378
12000,7428,2493,618,2292,2025,3146,105,440,859,1006,293,443,0,24349,216070,9005,1384,1207,2179,1319,2916,2747,2136,302,309,1503,566,517,420,2595,328,313,267,1687,7999,1480,1627,1164,3728,5181,1657,1212,2312,2083,517,781,785,2147,522,596,1029,9410,1298,2075,2087,3950,1947,1135,372,156,284,6551,5181,1435,123,3024,263,336,0,1919,531,41,149,342,476,84,0,0,296,11765,1860,0,221,566,498,526,1664,265,281,1939,2166,1779,0,5651,2316,799,0,0,1615,256,424,241,0
12095,980,351,103,173,353,405,27,66,105,73,52,82,27177,0,27177,1022,180,145,286,131,280,358,290,30,38,156,60,46,50,385,51,69,44,221,1058,203,168,194,493,540,169,120,251,275,68,81,126,318,58,99,161,1086,162,228,185,511,237,148,45,23,21,1212,651,191,0,420,0,40,0,266,52,0,28,35,67,25,0,0,59,1400,104,0,26,85,70,90,186,0,60,247,305,227,0,596,210,66,0,0,177,24,71,48,0
12999,6448,2142,515,2119,1672,2741,78,374,754,933,241,361,213242,24349,0,7983,1204,1062,1893,1188,2636,2389,1846,272,271,1347,506,471,370,2210,277,244,223,1466,6941,1277,1459,970,3235,4641,1488,1092,2061,1808,449,700,659,1829,464,497,868,8324,1136,1847,1902,3439,1710,987,327,133,263,5339,4530,1244,123,2604,263,296,0,1653,479,41,121,307,409,59,0,0,237,10365,1756,0,195,481,428,436,1478,265,221,1692,1861,1552,0,5055,2106,733,0,0,1438,232,353,193,0
13000,3561,1272,242,557,1490,1085,0,133,326,500,33,93,8942,902,8040,0,15687,20489,26535,15983,100980,1088,970,64,54,516,204,249,63,473,76,147,127,123,1954,513,657,269,515,2804,964,492,1348,713,188,309,216,522,183,271,68,4733,670,994,731,2338,1064,614,317,20,113,2964,692,230,0,441,0,21,0,968,161,27,163,218,244,0,0,0,155,12400,3052,73,70,385,252,491,833,0,40,3297,3248,659,0,2075,766,595,0,0,419,21,177,97,0
13067,532,184,46,84,218,162,0,28,69,42,0,23,1418,123,1295,17320,0,1974,4964,1282,9100,163,138,25,0,89,43,46,0,82,20,22,20,20,214,54,77,40,43,382,134,93,155,109,38,49,22,64,40,24,0,655,101,152,110,292,156,111,25,20,0,168,101,47,0,54,0,0,0,127,24,0,0,35,25,0,0,0,43,1260,260,0,0,47,30,78,115,0,20,269,336,105,0,269,127,23,0,0,67,0,52,0,0
13089,689,241,41,94,313,136,0,39,74,23,0,0,1042,124,918,22352,2097,0,8543,5605,6107,197,197,0,0,120,30,68,22,113,21,30,30,32,403,118,123,67,95,436,166,93,177,227,47,104,76,134,51,83,0,602,150,141,130,181,172,144,28,0,0,183,171,24,0,126,0,21,0,230,42,27,0,77,53,0,0,0,31,1427,223,22,20,106,77,127,203,0,0,230,296,123,0,247,97,29,0,0,59,0,39,23,0
13121,1370,445,86,166,673,319,0,40,150,26,33,70,1912,178,1734,28964,5091,8978,0,3447,11448,471,399,39,33,189,66,82,41,196,35,67,47,47,827,190,362,80,195,707,273,130,304,246,73,77,96,255,72,115,68,1066,221,231,212,402,258,234,24,0,0,344,327,114,0,213,0,0,0,261,59,0,0,74,70,0,0,0,58,2280,342,51,30,170,83,160,254,0,0,430,507,253,0,445,182,34,0,0,93,21,86,29,0
13135,520,185,69,61,205,99,0,26,33,40,0,0,1492,151,1341,16962,1250,4418,3225,0,8069,148,127,0,21,58,28,30,0,82,0,28,30,24,340,87,68,82,103,352,134,67,151,101,30,49,22,46,20,26,0,690,133,160,85,312,90,90,0,0,0,181,48,0,0,48,0,0,0,121,36,0,0,32,30,0,0,0,23,1271,235,0,20,37,42,71,135,0,0,373,273,85,0,235,96,29,0,0,89,0,0,21,0
13999,450,217,0,152,81,369,0,0,0,369,0,0,3078,326,2752,94119,7249,5119,9803,5649,0,109,109,0,0,60,37,23,0,0,0,0,0,0,170,64,27,0,79,927,257,109,561,30,0,30,0,23,0,23,0,1720,65,310,194,1151,388,35,240,0,113,2088,45,45,0,0,0,0,0,229,0,0,163,0,66,0,0,0,0,6162,1992,0,0,25,20,55,126,0,20,1995,1836,93,0,879,264,480,0,0,111,0,0,24,0
17000,9961,3208,829,1593,4331,3027,97,255,1283,337,346,709,7083,555,6528,2176,374,342,751,330,379,0,28318,18289,80998,3300,812,462,2026,836,90,212,158,376,2909,796,1348,260,505,1402,521,377,504,1863,423,581,859,731,249,248,234,7169,1342,1458,1177,3192,1876,1451,132,106,187,2927,1715,357,53,1199,24,82,0,22409,7785,2793,280,1540,3153,170,31,25,6632,4952,216,161,43,568,458,233,510,82,205,356,1420,700,0,7623,4627,325,44,0,1507,155,724,241,0
17031,7332,2413,551,911,3457,2004,76,191,928,131,204,474,4125,381,3744,1701,252,293,563,239,354,35400,0,11813,23587,2597,562,350,1685,770,90,212,117,351,2696,709,1222,260,505,1104,374,246,484,1575,344,410,821,668,208,248,212,4529,847,912,826,1944,1431,1070,111,85,165,1468,1485,310,53,1016,24,82,0,12357,6051,963,209,1255,718,170,31,25,2935,3954,216,161,43,480,294,233,452,82,178,309,958,548,0,4223,2100,225,44,0,902,134,627,191,0
17043,864,259,104,120,381,371,21,41,106,48,53,102,890,64,826,165,39,29,61,36,0,18405,9573,0,8832,395,111,57,227,21,0,0,21,0,93,37,56,0,0,123,81,42,0,132,33,61,38,63,41,0,22,780,136,128,109,407,131,131,0,0,0,240,85,21,0,64,0,0,0,1101,375,68,27,118,113,0,0,0,400,327,0,0,0,38,32,0,25,0,27,0,138,67,0,837,549,29,0,0,155,21,53,30,0
17999,1765,536,174,562,493,652,0,23,249,158,89,133,2068,110,1958,310,83,20,127,55,25,73821,18745,6476,0,308,139,55,114,45,0,0,20,25,120,50,70,0,0,175,66,89,20,156,46,110,0,0,0,0,0,1860,359,418,242,841,314,250,21,21,22,1219,145,26,0,119,0,0,0,8951,1359,1762,44,167,2322,0,0,0,3297,671,0,0,0,50,132,0,33,0,0,47,324,85,0,2563,1978,71,0,0,450,0,44,20,0
26000,2903,956,274,573,1100,612,0,75,295,104,37,101,4059,312,3747,854,146,172,294,132,110,2967,2648,185,134,0,19714,16696,92921,67,0,67,0,0,807,223,434,61,89,612,306,211,95,2490,308,443,1739,257,131,126,0,2445,467,570,473,935,568,524,20,24,0,1749,388,88,0,300,0,0,0,2881,1830,0,0,227,119,0,0,0,705,1749,57,0,0,257,201,21,188,0,0,216,575,234,0,2851,1939,87,0,0,576,0,191,58,0
26125,952,292,118,153,389,262,0,31,83,30,37,81,1375,86,1289,252,52,37,100,41,22,747,624,67,56,18998,0,6997,12001,26,0,26,0,0,310,74,161,31,44,192,116,56,20,373,96,93,184,97,57,40,0,680,134,145,97,304,186,142,20,24,0,442,162,47,0,115,0,0,0,342,139,0,0,69,55,0,0,0,79,598,0,0,0,76,40,0,60,0,0,121,201,100,0,657,412,33,0,0,123,0,59,30,0
26163,576,195,52,105,224,97,0,22,48,27,0,0,1043,79,964,415,71,90,100,66,88,465,345,62,58,20451,8512,0,11939,21,0,21,0,0,217,69,73,30,45,162,69,43,50,631,104,144,383,64,39,25,0,742,103,160,174,305,73,73,0,0,0,234,55,20,0,35,0,0,0,223,114,0,0,30,23,0,0,0,56,657,57,0,0,56,111,0,87,0,0,95,195,56,0,669,415,28,0,0,192,0,34,0,0
26999,1375,469,104,315,487,253,0,22,164,47,0,20,1641,147,1494,187,23,45,94,25,0,1755,1679,56,20,89882,11202,9699,0,20,0,20,0,0,280,80,200,0,0,258,121,112,25,1486,108,206,1172,96,35,61,0,1023,230,265,202,326,309,309,0,0,0,1073,171,21,0,150,0,0,0,2316,1577,0,0,128,41,0,0,0,570,494,0,0,0,125,50,21,41,0,0,0,179,78,0,1525,1112,26,0,0,261,0,98,28,0
34000,4973,1899,539,881,1654,303,0,21,205,53,0,24,11988,1097,10891,1493,230,209,606,367,81,992,853,79,60,90,90,0,0,0,9200,8358,10590,81661,18998,3557,6833,2705,5903,2370,866,928,576,274,75,199,0,12588,261,4109,8218,2771,493,864,492,922,543,520,23,0,0,2591,2995,1191,0,1667,0,117,20,133,27,0,0,81,0,0,25,0,0,5995,0,0,1718,483,0,0,1892,0,0,907,80,915,0,1642,904,126,0,0,559,0,32,21,0
34003,759,316,100,104,239,78,0,21,33,0,0,24,1504,117,1387,237,38,45,110,44,0,136,99,37,0,26,26,0,0,9586,0,2183,573,6830,3912,498,1372,530,1512,237,96,72,69,36,0,36,0,488,22,116,350,352,58,96,53,145,69,69,0,0,0,367,521,204,0,297,0,0,20,0,0,0,0,0,0,0,0,0,0,551,0,0,76,64,0,0,171,0,0,125,0,115,0,183,92,29,0,0,62,0,0,0,0
34017,1047,398,81,103,465,45,0,0,45,0,0,0,1061,143,918,177,23,32,84,38,0,209,187,22,0,29,29,0,0,11574,3398,0,1333,6843,4593,793,1810,715,1275,261,119,99,43,76,28,48,0,698,66,138,494,517,97,150,102,168,138,138,0,0,0,398,645,276,0,337,0,32,0,74,27,0,0,47,0,0,0,0,0,571,0,0,71,62,0,0,227,0,0,0,39,172,0,195,76,27,0,0,39,0,32,21,0
34023,669,198,75,79,317,56,0,0,30,26,0,0,1194,94,1100,215,35,29,77,54,20,163,109,20,34,35,35,0,0,12111,437,996,0,10678,1784,351,477,271,685,421,125,149,147,78,22,56,0,1066,57,236,773,548,105,116,74,253,93,93,0,0,0,274,440,147,0,257,0,36,0,34,0,0,0,34,0,0,0,0,0,736,0,0,128,55,0,0,273,0,0,60,21,199,0,157,109,0,0,0,48,0,0,0,0
34999,2498,987,283,595,633,124,0,0,97,27,0,0,8229,743,7486,864,134,103,335,231,61,484,458,0,26,0,0,0,0,76538,5365,5179,8684,0,8709,1915,3174,1189,2431,1451,526,608,317,84,25,59,0,10336,116,3619,6601,1354,233,502,263,356,243,220,23,0,0,1552,1389,564,0,776,0,49,0,25,0,0,0,0,0,0,25,0,0,4137,0,0,1443,302,0,0,1221,0,0,722,20,429,0,1107,627,70,0,0,410,0,0,0,0
36000,17393,7609,975,1768,7041,1814,0,239,892,317,108,258,24466,2567,21899,4631,532,821,1384,906,988,2906,2754,94,58,889,308,393,188,28212,5425,7424,2429,12934,0,32560,28053,30375,140670,6241,2168,1772,2301,1446,532,725,189,10393,711,2863,6819,7382,1081,2173,1565,2563,2056,1656,195,61,144,7869,17931,9716,266,6534,248,754,413,1446,218,21,135,554,259,45,0,0,214,11527,96,0,712,1775,138,466,2990,0,120,2024,904,2302,0,5149,2144,623,0,0,1208,117,843,214,0
36047,4214,2030,174,259,1751,398,0,45,205,33,45,70,3022,378,2644,1071,110,220,279,176,286,619,566,31,22,246,68,121,57,5833,657,1360,538,3278,35747,0,8758,12299,14690,829,286,166,377,335,103,157,75,2460,146,791,1523,1256,160,328,382,386,498,425,32,20,21,1256,2638,1114,106,1142,54,167,55,422,51,0,34,170,76,24,0,0,67,2258,0,0,180,343,30,181,624,0,24,242,216,418,0,939,245,74,0,0,150,54,374,42,0
36061,6797,2901,298,370,3228,496,0,50,301,33,23,89,2296,232,2064,669,58,125,341,67,78,1176,1107,33,36,266,97,81,88,7892,1557,3051,320,2964,37998,14949,0,6966,16083,693,262,154,277,316,119,128,69,1871,160,787,924,1541,331,495,403,312,562,516,25,21,0,2793,4518,2059,88,2018,98,217,38,464,47,0,27,189,90,21,0,0,90,2579,37,0,86,815,55,143,521,0,34,167,243,478,0,922,278,87,0,0,162,63,233,99,0
36081,1971,890,134,213,734,193,0,27,76,30,40,20,3353,498,2855,752,95,129,193,206,129,335,305,30,0,180,56,102,22,4588,1000,1224,461,1903,31723,8753,5387,0,17583,667,228,192,247,186,74,87,25,1595,86,389,1120,1164,160,312,174,518,233,187,46,0,0,802,1828,995,0,675,43,81,34,273,49,21,21,77,48,0,0,0,57,1549,0,0,128,142,23,34,550,0,0,165,121,386,0,595,219,79,0,0,167,0,103,27,0
36999,4411,1788,369,926,1328,727,0,117,310,221,0,79,15795,1459,14336,2139,269,347,571,457,495,776,776,0,0,197,87,89,21,9899,2211,1789,1110,4789,126190,8858,13908,11110,0,4052,1392,1260,1400,609,236,353,20,4467,319,896,3252,3421,430,1038,606,1347,763,528,92,20,123,3018,8947,5548,72,2699,53,289,286,287,71,0,53,118,45,0,0,0,0,5141,59,0,318,475,30,108,1295,0,62,1450,324,1020,0,2693,1402,383,0,0,729,0,133,46,0
37000,3458,837,239,992,1390,1027,0,85,319,455,53,115,4879,548,4331,3200,440,557,928,427,848,788,648,55,85,337,118,115,104,491,65,165,94,167,2101,501,682,209,709,0,11096,13880,103210,678,198,295,185,803,199,314,290,3385,460,682,566,1677,894,542,234,21,97,3251,935,212,0,668,32,23,0,663,165,23,94,161,155,0,0,0,65,14946,152,22,71,523,182,117,1134,0,104,9445,1028,2168,0,1885,866,459,0,0,276,0,204,80,0
37119,736,192,71,121,352,259,0,41,103,41,29,45,1343,154,1189,1057,142,156,343,147,269,245,197,24,24,124,52,52,20,305,37,91,59,118,814,138,234,98,344,12320,0,745,11575,277,70,104,103,219,82,72,65,757,173,161,112,311,145,124,21,0,0,251,368,124,0,221,0,23,0,218,68,23,0,61,35,0,0,0,31,5767,59,22,36,130,52,20,308,0,43,4423,288,386,0,436,232,26,0,0,76,0,67,35,0
37183,728,164,68,118,378,270,0,44,76,56,24,70,1074,99,975,514,82,122,163,90,57,195,136,31,28,119,38,40,41,158,28,46,35,49,556,88,174,56,238,14268,967,0,13301,169,40,69,60,266,66,70,130,617,88,116,127,286,171,127,23,21,0,301,365,88,0,245,32,0,0,191,55,0,25,57,20,0,0,0,34,1797,0,0,35,110,59,42,317,0,0,540,211,483,0,358,145,41,0,0,75,0,73,24,0
37999,1994,481,100,753,660,498,0,0,140,358,0,0,2462,295,2167,1629,216,279,422,190,522,348,315,0,33,94,28,23,43,28,0,28,0,0,731,275,274,55,127,101620,10129,13135,0,232,88,122,22,318,51,172,95,2011,199,405,327,1080,578,291,190,0,97,2699,202,0,0,202,0,0,0,254,42,0,69,43,100,0,0,0,0,7382,93,0,0,283,71,55,509,0,61,4482,529,1299,0,1091,489,392,0,0,125,0,64,21,0
39000,2769,1068,275,546,880,858,31,147,352,183,83,62,5545,415,5130,1170,159,298,436,148,129,2021,1787,143,91,2506,444,592,1470,156,26,73,36,21,1067,263,409,110,285,1317,700,327,290,0,10353,16373,118243,1643,827,199,617,2481,441,628,392,1020,569,488,50,31,0,1726,587,149,0,438,0,0,0,2444,1827,26,28,249,130,21,0,0,163,7060,26,25,27,270,3713,22,324,0,0,521,650,363,1119,2530,1503,90,0,0,591,70,184,92,0
39035,736,233,60,126,317,169,0,27,89,26,27,0,1168,124,1044,345,54,97,114,53,27,444,360,52,32,361,100,107,154,30,0,30,0,0,398,77,137,37,147,371,169,77,125,12234,0,879,11355,307,174,60,73,558,95,133,93,237,139,118,21,0,0,236,243,72,0,171,0,0,0,261,93,0,0,58,52,0,0,0,58,577,26,0,0,84,70,0,134,0,0,97,82,84,0,548,312,32,0,0,137,0,40,27,0
39049,1033,320,105,162,446,379,31,64,111,55,56,62,1496,110,1386,379,58,86,113,66,56,577,477,66,34,404,111,115,178,126,26,43,36,21,456,109,157,52,138,404,179,81,144,15854,624,0,15230,287,161,80,46,773,138,186,116,333,238,178,29,31,0,259,246,77,0,169,0,0,0,576,238,26,28,147,39,21,0,0,77,1325,0,0,27,105,244,22,159,0,0,268,274,156,70,712,369,37,0,0,137,25,100,44,0
39999,1000,515,110,258,117,310,0,56,152,102,0,0,2881,181,2700,446,47,115,209,29,46,1000,950,25,25,1741,233,370,1138,0,0,0,0,0,213,77,115,21,0,542,352,169,21,116881,9729,15494,0,1049,492,59,498,1150,208,309,183,450,192,192,0,0,0,1231,98,0,0,98,0,0,0,1607,1496,0,0,44,39,0,0,0,28,5158,0,25,0,81,3399,0,31,0,0,156,294,123,1049,1270,822,21,0,0,317,45,44,21,0
42000,4270,1448,325,935,1562,675,0,122,354,91,81,27,7714,795,6919,921,140,215,404,123,39,1106,1013,48,45,270,90,96,84,9430,378,548,572,7932,6471,1524,1923,865,2159,1916,744,694,478,2319,390,516,1413,0,8745,12158,103511,2161,275,762,448,676,717,671,46,0,0,2325,1900,405,43,1392,0,60,0,513,106,0,31,132,56,0,113,0,75,11391,21,0,3799,773,46,64,3756,0,28,1006,206,1149,543,2001,1187,87,0,0,455,0,209,63,0
42003,1019,285,72,141,521,214,0,44,93,42,35,0,1381,92,1289,279,47,72,124,36,0,380,331,26,23,157,57,59,41,261,33,76,43,109,714,149,220,95,250,571,194,139,238,1015,228,206,581,9237,0,298,8939,754,84,182,112,376,205,180,25,0,0,294,368,93,0,275,0,0,0,253,85,0,31,53,29,0,0,0,55,1528,0,0,60,160,21,26,347,0,0,287,115,324,188,481,217,37,0,0,107,0,79,41,0
42101,1382,423,82,198,679,160,0,27,104,29,0,0,1157,138,1019,390,59,94,138,60,39,283,283,0,0,113,33,37,43,3771,97,171,132,3371,2018,541,728,248,501,394,128,90,176,186,59,78,49,14686,201,0,14485,585,112,185,164,124,255,234,21,0,0,386,855,192,43,560,0,60,0,214,21,0,0,79,27,0,67,0,20,2241,21,0,914,275,25,38,560,0,28,104,61,215,0,439,169,50,0,0,90,0,108,22,0
42999,1869,740,171,596,362,301,0,51,157,20,46,27,5176,565,4611,252,34,49,142,27,0,443,399,22,22,0,0,0,0,5398,248,301,397,4452,3739,834,975,522,1408,951,422,465,64,1118,103,232,783,100491,8544,11860,0,822,79,395,172,176,257,257,0,0,0,1645,677,120,0,557,0,0,0,46,0,0,0,0,0,0,46,0,0,7622,0,0,2825,338,0,0,2849,0,0,615,30,610,355,1081,801,0,0,0,258,0,22,0,0
48000,18049,5212,1629,2778,8430,6708,449,871,1500,1875,607,1406,13925,1417,12508,5985,631,849,1433,637,2435,4026,3048,334,644,2100,469,1001,630,1651,253,308,241,849,4827,1066,1415,561,1785,3246,845,645,1756,2054,506,676,872,1591,420,581,590,0,40859,44311,24243,306833,4188,2164,969,353,702,8438,2558,717,27,1537,120,157,0,6258,869,230,1250,942,1650,491,55,43,728,21864,1430,2167,194,748,561,5008,1599,715,4262,750,2408,1976,46,15126,5561,1292,233,46,2505,3047,1357,1059,26
48113,2222,666,253,304,999,795,54,131,268,118,84,140,1089,125,964,530,95,114,204,92,25,605,473,67,65,188,71,59,58,192,39,66,42,45,610,107,300,57,146,308,137,86,85,224,58,94,72,178,68,74,36,47629,0,1838,1389,44402,546,383,66,55,42,549,354,105,0,189,26,34,0,948,159,42,171,168,253,66,0,0,89,2748,96,339,25,124,45,616,212,50,604,53,340,244,0,1284,508,71,32,0,227,157,163,126,0
48201,3528,965,308,461,1794,1240,83,183,338,211,117,308,2032,196,1836,870,120,149,251,147,203,888,600,89,199,396,109,129,158,434,52,92,75,215,1084,229,389,111,355,598,176,114,308,479,115,137,227,347,127,101,119,55145,2091,0,2591,50463,775,378,122,82,193,1516,638,158,0,406,29,45,0,1296,185,72,196,216,313,105,27,22,160,5487,330,249,33,179,149,2238,358,202,677,158,500,414,0,2001,684,153,46,24,411,180,278,225,0
48453,4642,1422,314,394,2512,1069,73,127,317,141,128,283,6994,661,6333,2648,195,433,611,195,1214,1382,1001,93,288,1093,141,605,347,791,91,92,66,542,2208,504,442,269,993,870,188,175,507,797,241,179,377,841,100,330,411,28944,1657,2669,0,24618,867,521,124,68,154,1012,1256,400,27,706,45,78,0,1654,309,54,148,295,401,86,0,21,340,4359,683,170,114,246,115,560,425,349,377,211,728,335,46,2522,960,121,46,22,397,220,599,157,0
48999,7657,2159,754,1619,3125,3604,239,430,577,1405,278,675,3810,435,3375,1937,221,153,367,203,993,1151,974,85,92,423,148,208,67,234,71,58,58,47,925,226,284,124,291,1470,344,270,856,554,92,266,196,225,125,76,24,284634,37111,39804,20263,0,2000,882,657,148,313,5361,310,54,0,236,20,0,0,2360,216,62,735,263,683,234,28,0,139,9270,321,1409,22,199,252,1594,604,114,2604,328,840,983,0,9319,3409,947,109,0,1470,2490,317,551,26
53000,10622,2330,968,1745,5579,1318,42,214,288,399,114,261,1084,142,942,691,76,69,145,65,336,773,598,68,107,255,78,82,95,243,26,69,46,102,1106,340,412,119,235,738,91,126,521,210,55,119,36,255,107,99,49,3010,348,436,478,1748,0,19838,14270,14897,41614,3666,714,166,33,487,0,28,0,1053,71,32,187,323,221,42,24,0,153,2018,48,28,21,205,118,90,339,0,255,254,277,383,0,19841,3795,1404,2724,593,1447,147,8750,981,0
53033,6226,1335,548,639,3704,789,42,108,233,83,85,238,608,91,517,294,56,69,125,44,0,558,429,68,61,231,78,58,95,243,26,69,46,102,967,295,412,96,164,300,66,101,133,210,55,119,36,234,86,99,49,1357,214,229,300,614,28307,0,8968,11086,8253,1342,632,104,33,467,0,28,0,839,71,32,74,299,144,42,24,0,153,1242,22,28,21,185,74,57,202,0,127,108,177,241,0,5978,1365,476,569,282,531,124,2142,489,0
53053,1297,263,92,172,770,252,0,24,31,168,29,0,263,31,232,311,20,0,20,21,250,90,65,0,25,24,0,24,0,0,0,0,0,0,89,22,0,23,44,310,25,25,260,0,0,0,0,21,21,0,0,958,80,76,64,738,11409,5940,0,586,4883,659,0,0,0,0,0,0,0,148,0,0,93,0,55,0,0,0,0,549,26,0,0,20,44,33,85,0,99,53,71,118,0,2225,631,396,161,52,252,23,603,107,0
53061,947,230,124,192,401,82,0,28,24,30,0,0,75,20,55,0,0,0,0,0,0,48,48,0,0,0,0,0,0,0,0,0,0,0,23,23,0,0,0,0,0,0,0,0,0,0,0,0,0,0,0,277,30,48,40,159,11763,7158,783,0,3822,234,20,0,0,20,0,0,0,44,0,0,20,24,0,0,0,0,0,52,0,0,0,0,0,0,0,0,0,52,0,0,0,1470,485,141,129,83,157,0,349,126,0
53999,2152,502,204,742,704,195,0,54,0,118,0,23,138,0,138,86,0,0,0,0,86,77,56,0,21,0,0,0,0,0,0,0,0,0,27,0,0,0,27,128,0,0,128,0,0,0,0,0,0,0,0,418,24,83,74,237,39140,6740,4519,3225,0,1431,62,62,0,0,0,0,0,22,0,0,0,0,22,0,0,0,0,175,0,0,0,0,0,0,52,0,29,41,29,24,0,10168,1314,391,1865,176,507,0,5656,259,0
98000,10395,1813,577,3075,4930,2122,48,159,168,1086,110,551,5585,431,5154,2843,123,125,239,118,2238,1791,729,137,925,1119,241,162,716,1592,178,326,147,941,3710,504,1089,325,1792,3076,177,221,2678,1261,127,168,966,1455,161,211,1083,7712,359,1059,358,5936,3283,948,767,191,1377,0,3011,647,234,1514,240,225,151,4619,577,276,838,652,813,328,345,216,574,12486,863,355,214,584,550,792,1979,376,764,1234,967,3683,125,7576,2228,1472,377,236,954,768,745,616,180
199000,10162,3048,654,2057,4403,1321,0,61,718,91,79,372,16504,1218,15286,1327,172,286,518,269,82,1757,1686,50,21,292,127,54,111,2424,378,657,370,1019,14198,2688,5191,1345,4974,2696,976,1068,652,590,191,295,104,1867,374,958,535,3404,600,955,825,1024,1562,1390,30,34,108,4441,0,34027,19044,108862,27440,14830,7811,561,22,0,0,334,26,0,0,0,179,5393,0,0,127,1265,45,128,1015,0,23,1338,374,1078,0,3402,1691,346,0,0,570,20,573,202,0
199909,2223,712,183,471,857,305,0,20,165,22,20,78,6015,447,5568,631,105,128,192,124,82,387,387,0,0,56,56,0,0,1249,223,305,170,551,7089,1016,2371,702,3000,1018,437,334,247,194,66,90,38,630,103,282,245,1125,188,358,226,353,387,279,0,0,108,1093,35385,0,295,4677,384,1038,111,127,0,0,0,85,0,0,0,0,42,1997,0,0,88,280,22,22,355,0,0,784,104,342,0,976,511,162,0,0,155,0,73,75,0
199923,239,77,0,115,47,31,0,0,31,0,0,0,606,27,579,0,0,0,0,0,0,23,23,0,0,0,0,0,0,0,0,0,0,0,112,70,42,0,0,56,24,32,0,0,0,0,0,47,24,23,0,0,0,0,0,0,51,51,0,0,0,319,17762,91,0,880,1352,26,32,23,0,0,0,23,0,0,0,0,0,42,0,0,0,42,0,0,0,0,0,0,0,0,0,130,73,0,0,0,0,0,33,24,0
199925,6773,1939,379,1127,3328,872,0,41,441,69,59,262,7421,611,6810,652,67,158,303,124,0,1159,1088,50,21,236,71,54,111,1062,133,312,171,446,5924,1409,2405,539,1571,1372,433,534,405,353,125,162,66,1071,204,577,290,1976,373,523,506,574,919,855,30,34,0,2193,112343,3835,1720,0,8480,4367,563,384,22,0,0,199,26,0,0,0,137,2920,0,0,39,814,23,106,567,0,23,483,244,621,0,1836,837,138,0,0,333,20,405,103,0
199933,417,158,57,153,49,31,0,0,31,0,0,0,1080,40,1040,0,0,0,0,0,0,81,81,0,0,0,0,0,0,0,0,0,0,0,178,26,128,24,0,122,31,91,0,23,0,23,0,0,0,0,0,109,0,31,52,26,95,95,0,0,0,356,24047,158,1552,5262,0,67,817,0,0,0,0,0,0,0,0,0,0,145,0,0,0,44,0,0,0,0,0,47,26,28,0,202,155,0,0,0,47,0,0,0,0
199944,444,121,35,166,122,20,0,0,20,0,0,0,1237,93,1144,44,0,0,23,21,0,74,74,0,0,0,0,0,0,113,22,40,29,22,549,125,201,80,143,102,51,51,0,20,0,20,0,70,21,49,0,194,39,43,41,71,64,64,0,0,0,318,14689,1000,28,4181,148,0,21,0,0,0,0,0,0,0,0,0,0,227,0,0,0,48,0,0,93,0,0,24,0,62,0,189,86,46,0,0,35,0,22,0,0
199950,66,41,0,25,0,62,0,0,30,0,0,32,145,0,145,0,0,0,0,0,0,33,33,0,0,0,0,0,0,0,0,0,0,0,346,42,44,0,260,26,0,26,0,0,0,0,0,49,22,27,0,0,0,0,0,0,46,46,0,0,0,162,7788,63,68,484,885,21,0,27,0,0,0,27,0,0,0,0,0,62,0,0,0,37,0,0,0,0,0,0,0,25,0,69,29,0,0,0,0,0,40,0,0
299000,7905,2725,709,1778,2693,5396,175,751,1731,1184,621,934,5846,541,5305,1664,215,354,574,233,288,16507,9866,895,5746,2632,440,262,1930,105,0,51,28,26,1538,421,763,162,192,1269,555,389,325,2590,268,748,1574,392,183,209,0,9395,1799,2058,1199,4339,2715,2047,420,98,150,6042,677,71,0,580,0,26,0,0,84255,32673,31331,106594,73149,21671,9024,10315,78099,7853,24,1079,0,488,2470,238,243,0,1408,179,1241,483,0,10661,7063,487,73,201,1641,49,755,275,117
299918,1213,413,90,301,409,368,0,31,187,92,58,0,1752,129,1623,390,57,75,130,76,52,5191,4170,323,698,1801,179,163,1459,0,0,0,0,0,144,32,88,24,0,209,93,96,20,1856,101,334,1421,53,32,21,0,1471,279,419,253,520,256,222,34,0,0,811,57,0,0,57,0,0,0,84371,0,0,0,182,125,0,0,0,223,3018,24,20,0,67,2314,0,86,0,28,50,400,29,0,1342,929,29,0,0,277,0,65,42,0
299919,270,99,55,74,42,320,0,50,169,53,28,20,127,0,127,0,0,0,0,0,0,2266,845,104,1317,0,0,0,0,0,0,0,0,0,20,0,20,0,0,62,37,25,0,29,0,29,0,0,0,0,0,369,92,63,65,149,137,137,0,0,0,371,0,0,0,0,0,0,0,33553,24,0,125,688,140,1877,0,424,392,43,0,0,0,0,0,0,0,0,0,0,43,0,0,593,489,0,0,0,81,0,23,0,0
299920,830,305,91,143,291,1074,62,137,225,374,106,170,465,65,400,183,0,0,35,0,148,273,218,33,22,26,26,0,0,0,0,0,0,0,160,26,38,0,96,235,28,37,170,40,0,40,0,0,0,0,0,2052,310,344,126,1272,442,168,196,33,45,1020,22,0,0,22,0,0,0,32305,20,60,0,85,7977,246,0,0,0,1447,0,107,0,27,58,77,0,0,866,23,196,93,0,968,532,216,0,0,143,0,54,23,0
299927,2125,673,208,362,882,899,34,96,360,89,114,206,1194,101,1093,321,42,95,147,37,0,1305,1148,97,60,172,60,26,86,105,0,51,28,26,502,137,275,47,43,308,162,89,57,218,57,119,42,109,48,61,0,1272,281,302,224,465,742,621,45,33,43,955,352,71,0,255,0,26,0,104530,90,371,48,0,102,153,2302,373,3445,572,0,52,0,157,0,38,63,0,0,25,136,101,0,2381,1606,42,21,46,317,26,271,52,0
299929,1461,534,105,417,405,956,42,148,294,218,106,148,1195,120,1075,351,64,79,125,47,36,2676,785,84,1807,93,66,27,0,0,0,0,0,0,358,83,175,47,53,146,55,38,53,170,43,79,48,88,34,54,0,2185,459,439,206,1081,465,314,97,32,22,1104,82,0,0,82,0,0,0,72247,145,148,6987,175,0,215,0,0,164,2117,0,900,0,101,74,66,35,0,487,60,290,104,0,1439,887,129,0,0,240,23,97,63,0
299931,488,164,53,146,125,746,37,149,142,151,63,204,204,22,182,72,0,21,29,22,0,255,215,20,20,0,0,0,0,0,0,0,0,0,56,25,31,0,0,43,23,20,0,28,0,28,0,0,0,0,0,720,125,165,78,352,121,101,20,0,0,420,0,0,0,0,0,0,0,21675,26,1698,254,173,294,0,22,128,41,97,0,0,0,20,0,0,0,0,27,0,0,50,0,951,595,26,0,0,155,0,66,43,66
299938,157,86,0,24,47,169,0,25,0,75,22,47,0,0,0,0,0,0,0,0,0,0,0,0,0,0,0,0,0,0,0,0,0,0,0,0,0,0,0,0,0,0,0,20,0,20,0,0,0,0,0,112,0,57,0,55,139,71,28,0,40,342,0,0,0,0,0,0,0,9684,0,25,0,2920,0,0,0,119,0,32,0,0,0,0,0,32,0,0,0,0,0,0,0,652,344,0,52,155,101,0,0,0,0
299946,63,22,0,41,0,220,0,48,52,65,21,34,0,0,0,0,0,0,0,0,0,0,0,0,0,0,0,0,0,0,0,0,0,0,0,0,0,0,0,0,0,0,0,0,0,0,0,0,0,0,0,23,23,0,0,0,41,41,0,0,0,207,0,0,0,0,0,0,0,10157,0,249,0,442,0,115,80,0,0,0,0,0,0,0,0,0,0,0,0,0,0,0,0,417,302,0,0,0,64,0,0,0,51
299955,1298,429,107,270,492,644,0,67,302,67,103,105,909,104,805,347,52,84,108,51,52,4541,2485,234,1822,540,109,46,385,0,0,0,0,0,298,118,136,44,0,266,157,84,25,229,67,99,63,142,69,73,0,1191,230,269,247,445,372,372,0,0,0,812,164,0,0,164,0,0,0,78589,109,239,0,4283,98,26,0,0,0,527,0,0,0,116,24,25,59,0,0,21,176,106,0,1918,1379,45,0,0,263,0,179,52,0
399000,14418,4967,1113,3580,4758,4128,42,415,1455,1533,275,408,18046,1670,16376,14710,1722,2006,3309,1666,6007,3740,3368,156,216,964,309,407,248,2822,267,444,427,1684,8202,2111,3216,849,2026,14621,5561,2563,6497,6716,526,1340,4850,9770,1354,2001,6415,28793,4781,7658,2648,13706,3419,2213,702,119,385,12953,3302,774,61,2266,91,87,23,7057,3009,26,1194,596,1785,109,45,0,293,0,49893,32713,6969,13268,47721,57776,77787,34599,50810,61634,86306,83552,14976,8155,3390,1777,43,0,1765,193,620,367,0
399901,361,171,55,115,20,228,0,22,29,177,0,0,2363,76,2287,3815,418,420,685,349,1943,131,131,0,0,55,0,55,0,0,0,0,0,0,104,28,47,0,29,205,126,55,24,48,28,20,0,0,0,0,0,1276,156,404,180,536,56,56,0,0,0,823,0,0,0,0,0,0,0,96,0,0,72,0,24,0,0,0,0,50190,0,0,0,32,72,274,21,740,0,82,1656,120,0,315,158,104,0,0,53,0,0,0,0
399905,280,168,22,90,0,139,0,23,60,56,0,0,100,24,76,134,24,20,66,24,0,187,162,0,25,0,0,0,0,0,0,0,0,0,43,21,22,0,0,79,58,21,0,27,0,27,0,0,0,0,0,2736,632,268,180,1656,122,102,20,0,0,463,0,0,0,0,0,0,0,930,0,0,87,71,772,0,0,0,0,32858,0,0,0,25,0,90,0,91,1243,0,782,0,0,259,169,0,0,0,70,20,0,0,0
399910,281,100,36,40,105,30,0,0,30,0,0,0,695,67,628,115,35,29,51,0,0,62,62,0,0,29,29,0,0,747,23,78,77,569,349,73,115,52,109,147,71,56,20,55,20,35,0,2701,40,697,1964,217,39,57,34,87,56,56,0,0,0,306,118,45,0,73,0,0,0,0,0,0,0,0,0,0,0,0,0,6058,0,0,0,74,0,0,1939,0,0,46,0,246,0,166,103,21,0,0,42,0,0,0,0
399911,2167,588,99,239,1241,403,0,31,264,24,20,64,561,56,505,352,37,90,200,25,0,553,529,24,0,162,39,39,84,346,41,73,39,193,2153,611,1114,123,305,586,146,130,310,188,74,75,39,596,132,333,131,648,104,196,208,140,355,311,24,20,0,817,1069,206,40,692,69,39,23,335,33,0,0,151,64,0,0,0,87,12932,0,0,105,0,28,67,8841,0,0,79,109,3703,0,456,122,72,0,0,72,32,129,29,0
399921,422,194,42,93,93,198,0,22,70,106,0,0,1179,81,1098,325,58,71,107,29,60,367,274,26,67,140,58,82,0,0,0,0,0,0,161,62,54,25,20,260,98,61,101,3572,79,286,3207,66,66,0,0,824,101,153,105,465,156,92,64,0,0,650,0,0,0,0,0,0,0,2696,2513,0,24,35,97,0,0,0,27,48254,50,0,0,59,0,0,0,0,0,71,2291,91,160,437,190,126,0,0,66,0,32,23,0
399922,765,441,81,149,94,162,0,0,54,108,0,0,497,88,409,680,117,167,182,92,122,203,203,0,0,0,0,0,0,0,0,0,0,0,226,84,118,24,0,168,75,20,73,0,0,0,0,70,25,45,0,7544,1160,3186,432,2766,160,127,33,0,0,800,97,0,0,97,0,0,0,152,0,0,23,26,58,0,45,0,0,57731,217,128,0,106,0,0,55,1121,88,21,215,26,0,505,227,67,0,0,149,0,62,0,0
399924,3079,1019,230,823,1007,576,20,62,179,175,38,102,4006,334,3672,1148,161,262,340,193,192,486,438,22,26,160,53,69,38,1285,165,189,203,728,2374,556,680,371,767,1948,522,592,834,400,118,246,36,4413,317,508,3588,2430,336,561,301,1232,455,352,77,0,26,2120,893,228,0,617,0,48,0,269,119,0,0,94,25,0,0,0,31,80292,21,0,2857,7787,48,43,0,0,0,894,227,8886,1187,1320,511,338,0,0,295,29,88,59,0
399928,173,52,0,77,44,35,0,0,0,35,0,0,314,0,314,219,67,28,50,54,20,92,68,0,24,0,0,0,0,0,0,0,0,0,0,0,0,0,0,0,0,0,0,0,0,0,0,0,0,0,0,1226,261,449,71,445,0,0,0,0,0,519,0,0,0,0,0,0,0,0,0,0,0,0,0,0,0,0,0,34784,814,49,0,0,0,1235,24,0,0,0,3088,0,0,185,52,39,0,0,94,0,0,0,0
399940,980,334,108,203,335,764,22,94,204,272,73,99,500,68,432,147,0,28,56,20,43,160,160,0,0,25,0,25,0,0,0,0,0,0,158,49,59,0,50,139,22,0,117,0,0,0,0,22,22,0,0,5047,979,804,231,3033,387,188,130,45,24,902,0,0,0,0,0,0,0,1343,48,0,782,26,414,51,0,0,22,50781,0,1197,0,0,0,0,20,0,0,21,169,61,0,871,351,127,0,0,205,64,60,64,0
399945,861,292,26,424,119,232,0,0,116,95,0,21,1999,264,1735,3224,255,327,555,389,1698,168,168,0,0,24,0,24,0,24,0,0,0,24,625,103,109,23,390,6957,3353,592,3012,132,24,76,32,124,55,69,0,848,99,188,153,408,489,141,93,29,226,1308,170,100,0,70,0,0,0,20,20,0,0,0,0,0,0,0,0,60296,47,0,0,127,79,27,134,0,0,0,308,257,0,729,288,272,0,0,169,0,0,0,0
399947,1472,624,123,370,355,445,0,55,186,175,29,0,2366,283,2083,3576,380,379,649,312,1856,659,604,31,24,221,79,75,67,0,0,0,0,0,427,150,210,27,40,1038,299,197,542,483,91,190,202,149,66,83,0,2803,566,516,366,1355,494,299,141,0,54,1098,166,24,0,142,0,0,0,924,225,26,138,99,301,31,0,0,104,85193,1406,712,0,168,1687,259,148,3073,136,364,0,507,0,1195,545,213,0,0,258,0,130,49,0
399951,3577,984,291,957,1345,916,0,106,263,310,115,122,3439,329,3110,975,170,185,368,179,73,672,569,53,50,148,51,38,59,420,38,104,108,170,1582,374,688,204,316,3033,752,817,1464,436,92,222,122,949,295,266,388,3172,348,854,387,1583,689,489,120,25,55,2979,789,171,21,575,22,0,0,292,51,0,68,94,30,27,0,0,22,84368,145,0,254,4867,71,27,7548,0,30,691,728,0,1013,1697,654,398,43,0,292,48,119,143,0
399954,0,0,0,0,0,0,0,0,0,0,0,0,27,0,27,0,0,0,0,0,0,0,0,0,0,0,0,0,0,0,0,0,0,0,0,0,0,0,0,61,39,22,0,1375,0,163,1212,680,336,0,344,22,0,22,0,0,0,0,0,0,0,168,0,0,0,0,0,0,0,0,0,0,0,0,0,0,0,0,0,14267,0,0,0,23,204,0,715,0,0,48,0,661,0,20,20,0,0,0,0,0,0,0,0
499000,38897,9170,3649,6677,19401,9851,623,1226,1779,2042,957,3224,5418,626,4792,1603,196,182,333,168,724,3142,2043,299,800,1403,344,396,663,653,99,124,67,363,2542,543,731,266,1002,1797,404,415,978,1459,295,542,622,999,321,294,384,14882,1417,1843,1743,9879,23549,6474,2436,1529,13110,7807,1877,455,48,1113,131,99,31,5632,552,334,614,1301,767,584,308,323,849,6778,274,192,68,446,312,307,1113,91,682,688,1114,1491,0,0,49474,5001,20259,9241,13878,18750,64738,40083,3500
499904,13003,2866,1355,2575,6207,3465,220,424,631,741,344,1105,2187,230,1957,683,124,83,164,82,230,1742,1008,214,520,959,222,250,487,379,42,60,43,234,1005,169,265,81,490,931,240,216,475,841,153,270,418,581,125,139,317,5153,594,683,648,3228,3702,1421,580,374,1327,2221,968,227,27,591,90,33,0,3540,390,273,343,825,479,322,172,159,577,2831,121,125,68,161,155,85,366,30,354,323,553,490,0,48827,0,542,577,239,2879,2056,2064,1987,56
499915,4510,912,416,1135,2047,758,27,85,100,359,36,151,1018,96,922,502,0,23,25,25,429,217,110,23,84,75,25,26,24,72,24,0,0,48,408,53,73,52,230,449,35,40,374,88,30,34,24,108,34,31,43,1614,95,152,117,1250,2015,732,491,188,604,1480,280,126,0,99,20,35,0,388,0,0,152,40,97,76,0,0,23,2018,94,0,0,96,108,90,525,31,126,234,207,507,0,6787,707,0,69,0,1448,37,807,391,0
499916,703,164,93,145,301,175,0,47,48,30,24,26,0,0,0,0,0,0,0,0,0,24,24,0,0,0,0,0,0,0,0,0,0,0,0,0,0,0,0,0,0,0,0,0,0,0,0,0,0,0,0,129,22,29,32,46,2763,472,155,107,2029,380,0,0,0,0,0,0,0,42,0,0,0,20,0,0,22,0,0,0,0,0,0,0,0,0,0,0,0,0,0,0,0,19857,496,0,0,146,361,0,920,1449,43
499930,146,74,0,51,21,109,0,0,58,31,20,0,0,0,0,0,0,0,0,0,0,0,0,0,0,0,0,0,0,0,0,0,0,0,0,0,0,0,0,0,0,0,0,0,0,0,0,0,0,0,0,28,0,0,0,28,792,349,75,94,274,255,0,0,0,0,0,0,0,70,0,0,0,21,0,0,49,0,0,0,0,0,0,0,0,0,0,0,0,0,0,0,0,9395,338,0,150,0,149,0,220,97,85
499932,11464,2876,959,1331,6298,1311,118,199,236,244,139,375,1582,151,1431,329,72,52,79,61,65,689,431,62,196,327,76,120,131,178,33,40,24,81,521,86,111,84,240,255,79,68,108,332,89,83,160,136,56,56,24,2429,294,362,298,1475,1838,701,300,214,623,982,284,82,0,150,21,31,0,937,142,40,75,170,171,90,65,55,129,1262,59,67,0,59,49,56,143,30,146,131,247,275,0,13448,2809,619,627,155,0,361,1153,1712,40
499935,1170,395,73,231,471,1654,90,183,296,314,174,597,259,30,229,0,0,0,0,0,0,107,107,0,0,0,0,0,0,0,0,0,0,0,65,20,45,0,0,21,0,21,0,28,0,28,0,20,20,0,0,3692,178,252,219,3043,295,173,41,34,47,683,31,0,0,31,0,0,0,73,0,0,20,31,0,0,0,0,22,230,0,0,0,43,0,39,27,0,56,0,22,43,0,20486,3280,28,29,0,500,0,228,350,0
499941,4959,1148,396,735,2680,396,0,69,155,62,42,68,123,51,72,55,0,24,31,0,0,246,246,0,0,42,21,0,21,0,0,0,0,0,319,161,110,28,20,44,23,0,21,64,0,64,0,102,56,46,0,692,97,130,242,223,11019,2030,603,411,7975,949,216,20,21,144,0,0,31,225,20,21,0,131,0,0,0,0,53,231,0,0,0,64,0,37,23,0,0,0,61,46,0,63004,1564,297,1059,101,792,95,0,311,0
499949,2922,715,357,474,1376,873,52,116,134,188,76,307,249,68,181,34,0,0,34,0,0,117,117,0,0,0,0,0,0,24,0,24,0,0,224,54,127,21,22,97,27,70,0,106,23,63,20,52,30,22,0,1091,137,208,187,559,1125,596,191,107,231,675,98,0,0,98,0,0,0,177,0,0,24,63,20,25,0,0,45,206,0,0,0,23,0,0,29,0,0,0,24,130,0,39163,1673,187,1224,68,1680,109,561,0,144
499956,20,20,0,0,0,1110,116,103,121,73,102,595,0,0,0,0,0,0,0,0,0,0,0,0,0,0,0,0,0,0,0,0,0,0,0,0,0,0,0,0,0,0,0,0,0,0,0,0,0,0,0,54,0,27,0,27,0,0,0,0,0,182,0,0,0,0,0,0,0,180,0,0,0,0,0,71,0,109,0,0,0,0,0,0,0,0,0,0,0,0,0,0,0,3957,180,0,82,176,97,21,0,269,0
